video_id,comments
KgTFXgKWXts,[]
5Do1MEQAiGY,[]
6SytO1sw6TM,[]
8W_9I4J2vPk,[]
igMG8FtEiLE,[]
5oeznEwOKw8,[]
I-TmTQhqB4g,[]
GLO2CVo2A-U,[]
mjzVLbNfkDc,[]
2Sj_QPVNjGU,[]
wMvRkd5gwEk,[]
tG7amFMS5IY,[]
ZWLpqtaMAzo,[]
1q6omB8EKME,[]
F5vezZKvRhg,[]
NrlaTi2EF98,[]
1kSbH_8FLR4,[]
MnGRuDKZ26k,[]
3JlxDt7tZMc,[]
WzbXhU7R1XM,[]
AFZTC_tn1JU,[]
CAblt_jszMw,[]
S0eVNzl4w80,[]
Es0hNO2nEe4,[]
iULje0pXzgk,[]
uz9dyO5TKJE,[]
gqfuOBM3V18,[]
ABqSfRmm6-s,[]
vZQCGD4yzuc,[]
JX4V6DA-5wg,[]
nj1lFFP85EU,[]
G027nyhPFGQ,[]
n81niva7_h8,[]
0viOCkLIdsM,[]
LA3Fk8RfFlg,[]
BzWi0dv5ZqU,[]
LVbNWYD9Jxo,[]
iEZkR5HAVfU,[]
9980TWVtuvU,[]
X-oW329xfKU,[]
IKtHfZtK4U8,[]
RipY-5NQtmQ,[]
DCjsWQdxuvY,[]
pILE0CNy_PE,[]
ZTxQY0I_4WQ,[]
dyT0zQfxguA,[]
HV1S-hIkyh0,[]
qAvgXMMvK0w,[]
p5eDsTiLmvQ,[]
FvAWsVV8pcU,[]
Muoyo5j9d2E,[]
SXxohk2xg8c,[]
2qspVktpt_o,[]
PLX0SortDpg,[]
90vOi2B5WmU,[]
h6HATkXzB_I,[]
e9gUkQWkPUg,[]
RAjo0oJ9TSU,[]
ZAvAbX9NJdU,[]
dAJh2gGGCYw,[]
3ovLs-LdMjQ,[]
vMDYqD6r7EA,[]
WFuHchdMxIw,[]
VNmpqzAOiJo,[]
RisYY2_yQh0,[]
zJVEAscqZsc,[]
CBvCw_Ju36c,[]
5uUNrCQy534,[]
B8OMFxxvf_w,[]
akSTRC59KlU,[]
Czpwu-AtslE,[]
gXQKVu36sAo,[]
7XJG6MLCcbg,[]
zN9Gmj1GdBw,[]
6adDxnruUX4,[]
1diPx5gcgi8,[]
SV7xpNsk_LQ,[]
YY70ILi2e4g,[]
EUcS_PHpRm0,[]
HGPVu1Y7CXA,[]
OTzfYVdTcxs,[]
FsDJQg8xJJw,[]
TnqQurXW02I,[]
f2t6jIVteiI,[]
6MwnA_kBMDI,[]
FdN7Coz-xIc,[]
-BTSWPIpVgo,[]
2ZO_7ytUxRg,[]
VVA57_unANM,[]
567r10zWTrs,[]
LtfAx1QdAfk,[]
bGJACPE9l9A,[]
6tHKaNLCh8c,[]
h8wS29syPlg,[]
_r9GtQaULqw,[]
ibfYN1cWqCc,[]
133BC7f7mro,[]
TQSiy4zjrTo,[]
I50nyTLlOLc,[]
OAz2pW9-ghQ,[]
s5ZH-N9ObZc,[]
kahlJbeDACk,[]
3_oWLq7YmpY,[]
mMlaMtJ0ROU,[]
7_K7TGwc4ZE,[]
_RKf34Cc_Q4,[]
JGw6dALS-HU,[]
2EVL83TbwOM,[]
fovAI0ZA1LI,[]
ZHJq4AQgNFw,[]
cMziBFoetpU,[]
edd4UwpK2IU,[]
AVi03U3eulc,[]
manP-uZFOoA,[]
by-jEbzEG4k,[]
TK2r_R0FWPo,[]
qVVF1zaqRQY,[]
vhliNCIcTDI,[]
glS_SvnSVJ8,[]
YnVSLNyYTUQ,[]
lyx6NI17TKM,[]
_UkHF63jNa0,[]
bwk1j5MZ6_4,[]
Focgm48fLyk,[]
m6-ymBsdXeo,[]
F23RzuL6JwM,[]
H576MW6ZUvg,[]
1Nf9zuMJRrw,[]
ep9H8YmH5pA,[]
2L_9Qx082YA,[]
VnHiRb5PbLU,[]
z21jf9D-_Zc,[]
B5xzgLexoGE,[]
uG6abgYjgKo,[]
HF1Ps7UDNCQ,[]
waW5ZusOBlI,[]
D-d0R2KBaXg,[]
4lXV40oskFs,[]
786gzAB4_SY,[]
8Cy31nC6ey8,[]
Xk-70MccLoY,[]
zniIaCNPgPY,[]
kw1WCbppNDg,[]
CR66hqV1H-8,[]
-EYMwYZnuDg,[]
BOgKtndCFPQ,[]
uT4RqlMcMW8,[]
fj67tCMF_gY,[]
QnAGcBc7hlI,[]
GVDfSXc0olQ,[]
c9F-nDNHI7o,[]
frxaiDSFvbE,[]
5srfKIJVd08,[]
ACif4mzDHJU,[]
j6n0oxl4aWw,[]
PvcegkTnzZI,[]
aa9-DQMPtp4,[]
ZGuDHRMtY1Q,[]
B6thl6CZMIs,[]
tZUH4eeb1-0,[]
7mDXEuf7oLY,[]
_sn4wsUNLqs,[]
KpXjjWmu9lg,[]
Fm_aQI7ruZU,[]
lEjLkOsQHx0,[]
lCGr7terRNY,[]
gkAht9V9ngU,[]
cp-qXacLjiE,[]
-ULVnpId9mQ,[]
7ZYGTof14R0,[]
FTNDTWlOH5w,[]
G-QAP6PYFjE,[]
H3sVtCsgy4E,[]
tCl_tURDhbI,[]
uIio0Xeiaq4,[]
nkAQn-Sc5-4,[]
N_uK6bUj5-c,[]
y_yKUuR2xvk,[]
8HjYFvYMsTE,[]
swNzorOqMgY,[]
Q-w7DpHsiOI,[]
u54fy-qqSug,[]
D6uf_lg9TK0,[]
glop8S8-m7E,[]
4uDdeiTM6UY,[]
NlI-iosZ9C4,[]
W3k10BdkrVs,[]
hKUK91AieYU,[]
PdoBMueK2mg,[]
a8gYJLfXCPk,[]
YZa_jkPO8UY,[]
WupwTm39Ev4,[]
yCBq5jdrDvA,[]
TFADo7lqJBI,[]
TieOvm4_VKQ,[]
4mmj6jp4oGw,[]
8lF0kzHni-E,[]
uv7bJZm4S84,[]
zkv0s0ota8o,[]
ivkdTS9JNac,[]
LyfAMpjLTsY,[]
IfVofW5rbf0,[]
o8HfXViIqUQ,[]
4_sBA7wctcI,[]
IvwIzI21kSc,[]
eq1pl0Z0LvY,[]
DR9DEBX7T54,[]
OZBT-Jm-1bo,[]
Q4WwJLt4D0s,[]
-BnMl9EjEMU,[]
tOdsgkTnOtE,[]
zm8PsNwyVYM,[]
DPQFMQWe-Ak,[]
MM6lHbbgOcw,[]
rztWPpt030g,[]
qk2TxK7SK-Y,[]
aBnb8TJj3rk,[]
pwfz9dhHGR0,[]
v7X17olkbso,[]
mifUuUNE4PU,[]
zMQPalZqgv0,[]
oulDnMN23RQ,[]
jxn5FDTzBsE,[]
EeFHFD68Tsc,[]
o2mFRO5v0SU,[]
eNKkC7rrCmY,[]
7zZwOpGz448,[]
5pZh1MNKw00,[]
wUcKpYCAvX0,[]
07CrCNle7-M,[]
jZFTxxb1Fbk,[]
pQrs0t_Dtsg,[]
dbYJee3J7g0,[]
Zuta70yyWYk,[]
f1leS8riy28,[]
NxXY274IXtc,[]
FEEvj_p1enM,[]
ITi1Dq6N9yg,[]
jeGoJBTpS8Q,[]
pxjg-2sAgf0,[]
i7hKeVDQk2g,[]
lJq826QHgdY,[]
U-PCd5ke4iI,[]
uA9LLdNPTP4,[]
kBHds-isexQ,[]
x-0xqKDfgdg,[]
Ousj-3KKYm0,[]
xs3UXvPFiMs,[]
nyeERrsOB30,[]
8m9XFu7FRv8,[]
dg7UFrmtq0k,[]
sxgp12fbc7c,[]
IzAGug6A9GI,[]
G6U6E_yFDiQ,[]
iMTG9Xkjd_I,[]
suPocBJHpzI,[]
ZUX9D6ZZWBs,[]
ukgMVqH7uRA,[]
G_4ey4DhWqA,[]
4JhETzvdCyE,[]
GIr461DvuzU,[]
isNUojvZRbw,[]
kkS7uRCLyAc,[]
PDyWQ7M692k,[]
48vgYiehAyw,[]
HCww1rU9WxM,[]
4Pi1g9mr-z8,[]
OWnElMTZ7XE,[]
r09ygmVmGa8,[]
XgEWPviYO5k,[]
wbfaHUdO0Ds,[]
bcmCx8VBqBg,[]
gZbZ8Wtm7iw,[]
HaEB3FsMESY,[]
YbSZ0LpYzyw,[]
qZVoTLxQyz8,[]
TijHhQ1ZOAc,[]
K5tKZKN6E3c,[]
_IP8rck2sl8,[]
ScbensNd1iM,[]
nmvYS455E3Y,[]
1huMP3cE0bs,[]
sJv4w2Hcx1M,[]
lUn9aYE2UaM,[]
WopW7G6MPtg,[]
GDGmzDSqhSY,[]
tOl1-CxmEdc,[]
rEa_6479K7Y,[]
znFr6PhnXGc,[]
YuXJcjne5Go,[]
MMVM2hpU7gA,[]
NTketa45fTw,[]
OntaIpdAhRA,[]
RN8appCsxR8,[]
ODx9_KAy1kI,[]
1UdqJGdPkdU,[]
VcsmdnhY37Q,[]
wpbRV-uIFAo,[]
VsDzd6NM3eU,[]
BpRxakaWuwU,[]
UydbZkk9VrU,[]
9FAKk9vTJhg,[]
40RzLl5qjYA,[]
kNHCIXKkXMk,[]
pbm9qPzCiqc,[]
LpGJKsv4igQ,[]
Y3CK1JLbtEo,[]
PM1MwsA8qdA,[]
50Kn5Kdol9s,[]
NUxCSJeFQ50,[]
EFX5v0qAEUs,[]
rEJzK1F-2cA,[]
4AY8a-czFOQ,[]
T6Ts2cT-yvI,[]
8QJZfDPcaz4,[]
Xg4OKrCg6vM,[]
CPB_0qJ4AgM,[]
S03kveUaRJk,[]
Gi7gDOgsnps,[]
YMs-e0Yc9XE,[]
dyrd4wanl7I,[]
HRbmVSokSkI,[]
b2Dlr234MaE,[]
5uJAE9Btpmg,[]
RTYBM8Qkcao,[]
EBGfrS69yCw,[]
2CWrZvbWgw8,[]
r4RXvXwu7bY,[]
BgxqwZubhiQ,[]
bQxtnvaOazg,[]
oRbk-oxngA0,[]
WgbCjDQoI7I,[]
DljnNIXhibI,[]
heibwpK8JQY,[]
kx5RssP8ir8,[]
fV237GKtNIM,[]
4leF3zHz6vc,[]
juRzDana9No,[]
fqqh3_hYjMA,[]
cbORin1nFrg,[]
ALx9JhpoCnY,[]
KiGqLE1Z9EE,[]
XBiN1PnbCsM,[]
rIS-fgDeCto,[]
yHvDOkFc5u4,[]
nz2cRLmwZck,[]
5UFI7CiR-CY,[]
iuDvPA2QWWM,[]
06ZsDPRRwIQ,[]
eemWm4W0DVg,[]
TWDcdcbTVps,[]
qOGfDcVYOnc,[]
iVw_ZDnMJIA,[]
W2SH_6HrrZI,[]
5KdZRgxXxZ4,[]
raLBMEjutEc,[]
_Tdrwiev880,[]
ZoWdXDEh2y4,[]
qdYNRmy8wFw,[]
VDpLGRweJ98,[]
kEfwuvGCowU,[]
8t8_FGdd8nY,[]
nlaQIuYxXL0,[]
du3n96CoVfM,[]
zsp1VhjxylU,[]
i3XWQmLHMzM,[]
A6dEhyYefZk,[]
1q-JB1xHwbI,[]
hLWUJ3nmxNU,[]
msnbsuJ2zcQ,[]
l6F1HmPSwHI,[]
YtNxUnA59E0,[]
bQrWDXJ4ok4,[]
c23WmvDWYqE,[]
dmI_Hup8J6g,[]
8_iUWcP5CPg,[]
JCovaxRtglE,[]
IlMvFxWtDXc,[]
_nA3R2szJVs,[]
lFtuxTx1IYA,[]
eAZDV__zso8,[]
9okio0TxmxU,[]
-JcGcnJn7Rk,[]
QCOnA86FrC8,[]
xNs9279N7y0,[]
TRxEHpq3I5c,[]
MWbvV8Rd0lw,[]
U9ZQv83osjs,[]
s0JJWcCMMKw,[]
bULOxBEc4_4,[]
eywU6ZtmexU,[]
08CAIOmx4ek,[]
9ai_cy1jNzA,[]
sl_rPc51HRs,[]
KsnbeBpRmSg,[]
FmYTo8cz47g,[]
23CP9jINaaA,[]
DjyiNFRGyFU,[]
3M9l-BWZinA,[]
fSaTtXLVv1E,[]
t9eyuzvW-vk,[]
WJ5_7s8zpEA,[]
kSxAo4jFuRM,[]
SzzqTYcDQ-A,[]
NfpkMeTT0yE,[]
XjEXrrC3EsE,[]
kiT2IKs2PAM,[]
19sn4pwIT8w,[]
1YIF-_0iANg,[]
DDp-FJ6E11U,[]
4PHeqe8WisQ,[]
7WduN32UmM4,[]
8vdlyzZO-yg,[]
EKnb5ikDanw,[]
KyvTSlwTepc,[]
ThHk6EJDl7w,[]
cmkbWs8le8w,[]
kDKj9csM0_w,[]
lLDoPuKd6xE,[]
oM3fk-9KXLw,[]
tBDlhT6AzpI,[]
urXcJQZmpCE,[]
AAW7NrLmF3M,[]
heeeQ3u6kiI,[]
mWpEF9SQKHw,[]
6MTkF4I27pk,[]
KATIQ88HaOo,[]
YMwYJqj0F1E,[]
ZndwUOsCsI8,[]
gKMJYE4p8LM,[]
txJ5iQHfDEM,[]
orYiQNmtV38,[]
KRzBHIBmlrM,[]
EX7hwB0KCZU,[]
jSA-vvi1JrQ,[]
BcDWTcZIwuY,[]
AhoLWyRUigY,[]
1n1beZRyWh0,[]
lzrP3DC_vtM,[]
LG5Vj53rKJc,[]
DOb2Xd1rcgQ,[]
B4tPuYM9aeA,[]
FMeqxU8et8w,[]
1G987gYB_-4,[]
40YpKaR7f20,[]
IJoerWemcwo,[]
qyv_wND2eik,[]
MDlikzrceTY,[]
9g1wCcQoHEs,[]
OUrhmYMKtlI,[]
SIaPMVqmi0E,[]
00BASzBTv5o,[]
ijzJ8fe8s-4,[]
RBEThzTJo5k,[]
CbpiWeB6FW4,[]
rqhvjtXvqN4,[]
rWuT3DKvRPg,[]
V3kd13tJbcg,[]
U3dWYH0nncs,[]
xNXEBCXlWXw,[]
ZJvNM7KwC9o,[]
G_Fzwqeowf0,[]
aPRMgYmCAqk,[]
oVZ86LU_B58,[]
aoUjkQRHLpc,[]
qImoEofiTzI,[]
Fgl4jmnJYmU,[]
mewvm46OehI,[]
Io1f5g9UFec,[]
TKMXZnJhAAI,[]
G75giJZVKdc,[]
x52iMKF-kQM,[]
X9gRrvYIezs,[]
5CdxBz0qMMw,[]
MwPtRfxwlow,[]
RqOorf5bbXw,[]
qJkTh8udZjk,[]
ILVGLTZIvKc,[]
vxVfzr0p76k,[]
X_280DAXcJM,[]
eyJDYyDwxTs,[]
_xZqAJI4pq8,[]
o1CU7a_FQ2I,[]
ECiUrRdXcvo,[]
BVjh6S-6Y8U,[]
bDBQb287byo,[]
vGrWf2rziIM,[]
xZEYaqFw_Go,[]
h5L2ssPyDiQ,[]
PWAa6Xh4iz8,[]
qYJRX1JNtGI,[]
nNxnRw92e70,[]
npoWQCMRrW4,[]
YvmFqMskbMA,[]
M2Tvxvt67a0,[]
Mat49_2A5pM,[]
YP0JivD2wH4,[]
-I0DmsPEYbE,[]
qfrQnJMj8DQ,[]
vOvPdbv0XNs,[]
TLYN2WZNiKQ,[]
mSuI5DmsC4U,[]
C9HvyZ2WA7Q,[]
V9vSoIuVRGc,[]
mZmBJa3bon0,[]
_n3CQtHs0Wc,[]
qfgSnArzgIw,[]
HPBPVp7HlCY,[]
XFXd6Yay4xs,[]
gQbnG2Z2oDU,[]
oRQAgZ3Xxzk,[]
AArOmCzuj-I,[]
njEonqZMwW8,[]
FYqx2BrJR2s,[]
An9Nhj7op7U,[]
gtCmDFb6LIA,[]
cbubbXuAnIo,[]
1r-WpxIP_tE,[]
3lBNPiXou2s,[]
dMBXCxFXeOE,[]
wc0aBaU4sX8,[]
u2NCfn9PdbQ,[]
bJ9pKUzL4y8,[]
hwou37hbpcE,[]
nKGJTdXXZ5I,[]
P4TjwDBXtvU,[]
D7bu_OeIjNE,[]
X9Oa88QAl2U,[]
l6Ix4i_8O68,[]
oDmCMBvFvx8,[]
RPMEJmfmVT0,[]
JFRcF0r5x2U,[]
kQsBdZxa9J0,[]
bZeDFvGWC7k,[]
xGSeq1nFpjA,[]
HuZt31QXthw,[]
a1aF7zBZ2Fs,[]
aD4udz8c_ik,[]
ZwrMu4hB5Q8,[]
kDJH1TgqSfA,[]
xazbjN4IrcI,[]
aAQe4NxXE3o,[]
RHL76h7RNAY,[]
VSZFyq2Jzzc,[]
x5n4ascg-mw,[]
cO_KYRlE7v0,[]
9q5XWzIWpT4,[]
BGR2KehL4j4,[]
kgnZLsAEwns,[]
F-47QkJ3m-8,[]
-N3_fqwQgH0,[]
dfxnRf9EalA,[]
GZr_hKlua3E,[]
NYafBAV9CYM,[]
qqTKLV139sg,[]
3PZBk7pzqKw,[]
zreKTpXMvZk,[]
GFavzpZw4M8,[]
wEKAxH-012Q,[]
n3EZBWiMcMc,[]
JepTxTXge34,[]
Sh7bLrtWVK8,[]
lfOZxYlahyc,[]
UC0MStddwEg,[]
m7UQcoiDxCE,[]
yG9aTAsBED0,[]
G5PYWLtiVrE,[]
TD6RxFj4uFI,[]
cnS5GTQTnCQ,[]
h33frFvfzi4,[]
z9s_bDrm2AI,[]
7D6HituDQ5g,[]
gqSwP5B1-vk,[]
l0dRnd1rvvU,[]
aTvcICwiB7Q,[]
svQXUo7KGeE,[]
_4ubKFdo1BY,[]
wCEcR-0JYEA,[]
aCZvGZwmChc,[]
QJMEPpNmfxI,[]
R0HhvW8t9gM,[]
4GqwCFH-Q18,[]
3IRM_V0HoVI,[]
udAAS-4QR5A,[]
usegKMLnmL0,[]
xgj4Ze6P6d4,[]
RE01mkg0Yqw,[]
m2_uvolWDUA,[]
dZDfCR8ppT0,[]
OWgBJF2FuEo,[]
5GQj5ahX8JI,[]
fHmuoOCPpIk,[]
_f75TwaVmxI,[]
HKfqYDY5cjU,[]
vNvhL_FiMiw,[]
dgvbVWrTVeU,[]
D2Dv3q1HwEY,[]
HABp6yIW2vc,[]
C9V-xliJnaQ,[]
LSgNu20TjgE,[]
9p_gsFZ4YW0,[]
-J_R4GJY_yE,[]
yjLjBWEfaiw,[]
18tB7XGkago,[]
iNxImmfEdyI,[]
i_cceGGYkEU,[]
Pfw9vthhyKM,[]
P74IJuNxjMA,[]
LVfSbs0H-zQ,[]
YOaTYVydeH4,[]
duX57XPjJJg,[]
2t8cIwwn0Dw,[]
Sif_U36DN8k,[]
HFSTIIYoAsw,[]
1RosddUwkt0,[]
wGvyDYDK_wQ,[]
8wjm06SXrMU,[]
NSnx6t6eul0,[]
gmyR9vylzQo,[]
ptbs_jOe2bc,[]
HSAZWfCP0qM,[]
gdoShUJvgGY,[]
Y7e0v2D1r60,[]
3R0Qg1KesiQ,[]
aigy2HrDxeI,[]
azUEk_u_zFg,[]
9dfl-pP2pwQ,[]
bFUTuJMLm5I,[]
ysDian6peZY,[]
EeNm07vZX2k,[]
otBAmiJ9hQ8,[]
aajeby-O_c0,[]
Wa7jIUG24e4,[]
kDXhBtN1hdo,[]
ENCDQdg09Nc,[]
00wyKJnNMKo,[]
NXd277E-ITA,[]
xWD2Mc9HCkQ,[]
qrqydayouJk,[]
0Eryp8UjAA8,[]
z1R5OoNsIEQ,[]
cMLj0d0buDA,[]
2hh8Z-KM4Ac,[]
N1nhN7AhQOU,[]
kqXsl1B5YsE,[]
3N8MdyMqy4U,[]
hcaf8Uoy7Ag,[]
6J5FBnI3o8E,[]
dK0FrOD9V7Q,[]
lkZw3MTkVDE,[]
a4lTO_esZM4,[]
PkGoAHC1AQU,[]
zF3BmeM2QR8,[]
ssiOVPQUXtk,[]
kyE-6BWuIP4,[]
POaySg_VScg,[]
phhiEhY7Ado,[]
Rs3DIj8JMU4,[]
LEvUD2GPGYY,[]
555kwaWKpis,[]
gZi2ht4Dsn0,[]
u5C9dJ3aBQg,[]
LDAjPJBj6Oo,[]
DpglAUjyhr8,[]
HwMV0c3j3k4,[]
bTFclgwVFaM,[]
lo5BYdJgZcM,[]
cJv8Tag7Q1M,[]
zBA4Pg4mkYM,[]
Q0D0Hr2Fs_s,[]
Mn631pGATC8,[]
ITFD-xzipJ0,[]
K-M33-mNiWQ,[]
haAaih5dpmk,[]
aVKuT8p2Bdw,[]
_66Tn8v__fw,[]
UnBgMxpF_UQ,[]
42q_2YZVDlU,[]
8G5V13kENxU,[]
YjmDulqB7v8,[]
cf22BL02g1Y,[]
coVa9AFmKWM,[]
gvyoaQfuvVs,[]
n-8R2KobYP8,[]
rlCopVv1PDQ,[]
My55wtKX24g,[]
JzT8xzosyS8,[]
ZHbXhtm5vLs,[]
_dYi8qIA9Kw,[]
ScHkhFKLCPY,[]
NqFuZOB3Ftg,[]
iaWu0NJSaV0,[]
cdfFMXgLKr8,[]
MFX0QbKBDJk,[]
WJ-BhzTPmN8,[]
rD8E8L_D0Uw,[]
8whsOzAdcas,[]
9P4YiSRWsLc,[]
k6yiA5skm_E,[]
kQIjXrLtTSg,[]
sQ9ePCUL_9c,[]
6roieTcaaMw,[]
JjlSdMfUL_M,[]
qhsgzhCXDMg,[]
6-Z_ZMKi-zQ,[]
533NDY78_vU,[]
TWfdqioFsBQ,[]
mFdAf-Pzvrw,[]
-Nt52YopWdo,[]
WoHHFhP6e3g,[]
mSKTfoKEyMM,[]
wur24GTxDYE,[]
DeerNjm8kNY,[]
4m8pxKb_YxQ,[]
cqpgBvDxZy0,[]
TJkwp44je3c,[]
evs-_OvVkd0,[]
efZ9t_0a4Nk,[]
9ZbIkZmn4a0,[]
aJqm4U7slF4,[]
QI3uxCPw__M,[]
w0gRRBzNBYo,[]
YaG_cUMzYMU,[]
lqetrHvJaRY,[]
tbF1JEMSByI,[]
MZYP-PdeoD4,[]
SA0FxvLE17Q,[]
_aD1PW1teBk,[]
1LA4rSDmwhc,[]
61DOq6mVbCE,[]
ZU4BLC0C31Q,[]
00ApGEfQmyU,[]
jUivkJM0dF8,[]
W89KpE47FPs,[]
F5M3_lA95kQ,[]
xzPsvkH6k78,[]
U34YeDLADtg,[]
rfmsyVOyAMs,[]
bVu6F_Ss0c8,[]
j4VxmdhyRaQ,[]
b5579jYNRCE,[]
ctHgSympfOg,[]
mEYJ6i1i8cc,[]
8uG3QdNR0h0,[]
wCRj8CounX8,[]
numizOZb_X8,[]
XFjBt7auv54,[]
U2RIQteGWc4,[]
jbcZsziWD8U,[]
G3Dv57T2N7w,[]
pb5FsWw7jUw,[]
xUtQGqv7qfk,[]
MymHXD381I0,[]
rbw1gXanxgw,[]
qUcvcy6b_08,[]
4ZLQRFJQFUo,[]
_X8T8UovA_E,[]
35LSF1Wz1PU,[]
fpDIZ8JY8w0,[]
anjMD_K-wnQ,[]
vMrk2KuZl6s,[]
DngMsuQPFM8,[]
1UKIMusZ9bU,[]
itXYHQoBoek,[]
vmTI40FWIH0,[]
c0xky5fqo_g,[]
Qmfm53nAkJ4,[]
ESY9hK2bo4I,[]
_SXzIDjaNBQ,[]
yEElBNKnXrY,[]
l-9ejHYwXHw,[]
HJrYEni4e78,[]
wwTKrIKv2M0,[]
RvE38Nmz_gI,[]
f5gSLOTs2Hg,[]
qZlRRklWlIk,[]
NTYvMFokFAw,[]
AFBFgQjdRUY,[]
R-6ZA3BeQLI,[]
JnIZ1AMWhdE,[]
8QUXFRPtSAU,[]
0aw5myjMor8,[]
FbmNSXCHWYY,[]
Ngnm5Bjsxk8,[]
ExNVl0XZ75A,[]
BPwuDgyV4yM,[]
k38KpbjPuak,[]
gp5ObVXwA04,[]
oVSOTuz-Yrs,[]
7w92C1bBv84,[]
uDXgMyjAg5I,[]
iTVWtBG1d1U,[]
kf_3Riq22lU,[]
KtbjRZS0TxM,[]
0PgzlynW0NM,[]
u6wkXTRtS8g,[]
94xTXheJJg8,[]
AC2rfVVT6ZU,[]
YGoBmwjNAzM,[]
SAFOnEf9lUE,[]
Mp4w228piPM,[]
LJBkxkg9tUQ,[]
Q_hDanyMDSQ,[]
Sn0-5Fp4z94,[]
Xv2m-3sz4Nc,[]
pGF_ZMlFXVA,[]
TzHe3UlV-bg,[]
jhCmrfY5TdA,[]
YuE8vhF4gCM,[]
Iy97h7usFJc,[]
7iYDS6SgfHo,[]
YD_GBN3_QTo,[]
PPlUfw23T_k,[]
xJUid1RZ79A,[]
RPR8LsdfKbQ,[]
MurUgReyIs8,[]
e8Qs2Jn3S20,[]
CDEDi0aO8aM,[]
asIEVa2di3c,[]
KCGtr5sKhhA,[]
rUTSX4B-P1k,[]
77vF8P1I_t4,[]
bPP4hXnq98U,[]
jIOIJvY1sVM,[]
Ovs6Jt9D_js,[]
2NCtl0MH2Q8,[]
-FZjsB99VrQ,[]
XyZ5kKVEaMA,[]
nAYnosGNVAI,[]
IZUNGlFDZMo,[]
rtdJewSiquM,[]
mGWQ1QHjBX8,[]
bv3uieQIl2w,[]
tCNv3HITGHc,[]
uBHunZvIFPU,[]
KwjM7CcIEo0,[]
upgH7APAOsA,[]
EJCZpDhOKBs,[]
CpRh0SuHrRA,[]
3Lk1hAY4-Iw,[]
Ga4Xs0rwTeE,[]
ijoGe2d5t48,[]
P2-FgWf-1bU,[]
ANrAWh309iU,[]
w3eYALqsgXM,[]
l15yL_QiPmA,[]
qc6xeXbZXHM,[]
VEkplxiTXk8,[]
pQRm6H10WeY,[]
enb7QCodsWM,[]
vmrxqjpGKjc,[]
dr4a2PJ6YTk,[]
tR4Cu7lCEFQ,[]
RSt0s4qebWU,[]
t-U33UT2I1E,[]
sIoaeUszm0k,[]
ompO6Xf82yQ,[]
UcRGYF9-jCI,[]
7dIr0wN3Z3Y,[]
12ghJ9BlKOQ,[]
rE2w1Wo1cxM,[]
gTvc0FQ5jMg,[]
Tf2jN41j2B8,[]
-e5nw0tayMo,[]
oIBHCbTV-2k,[]
_Z0pw5Zsmxg,[]
kNauWgvDKIo,[]
phaVhjIxgTg,[]
vgpKJAp7xIQ,[]
HlfAr3GI9uw,[]
1HfOeaSeWZ4,[]
oLlhekguQBQ,[]
HXfYmGP6yGs,[]
wsNM0ickuUA,[]
zEVSz1ucsyU,[]
SJkclotZSSk,[]
F74yX5myL2M,[]
QDWhzPLWypU,[]
x8wvIw2OHFc,[]
lxp1d58Y4Hw,[]
AnucWLH5qoo,[]
U1vNk2jsBes,[]
EqSSYjY9hRY,[]
kCY4giYtMKM,[]
bDbypHtVmpk,[]
etrk9LpMRY0,[]
_Sbklvu_asU,[]
bqofqG-vsbc,[]
V9jXDaE530U,[]
hs_s9T-oSBU,[]
qR1B2vlnCls,[]
9iWA7_venNA,[]
jbTaOAGGAN4,[]
OeYrvtY_cTc,[]
eeSJzUKnWSU,[]
g9-7s445how,[]
6z4etoR_vZ0,[]
g_lBUX6Po1s,[]
9seLcP8H1EE,[]
tZtS2fbg5mk,[]
jXJ3Ddsjo_w,[]
Z4R-oUQ-qgQ,[]
MiD50FQkv6g,[]
EVtD-M1g2Co,[]
7AtYLxwwwug,[]
Rbser8w9vhg,[]
C8c6QgvolHU,[]
2iF-YDP_ZqA,[]
VD6TnpPr0ZE,[]
Bx2Fm0K-01c,[]
ylMhdBGtkXk,[]
OdvYBvexhJQ,[]
VDk_xtv2qmw,[]
db5G5RVAGO8,[]
kzI2rpcIR5o,[]
CjDtBcVCPnU,[]
vhbf1XEtgFg,[]
SX8g-dIheEw,[]
dsUOavWSpN4,[]
ouM1WDboq6c,[]
D3Fj9yM8AOY,[]
ipMNucukx_E,[]
YlP6ZANEIKg,[]
rM4gRiEVwP4,[]
-d3EUyvJg8s,[]
7IVl7qaH_HU,[]
AYC8au6azKs,[]
6SjdKBUkA6k,[]
aj1jSCd_ZzU,[]
vWemCC84mJ8,[]
Mwzy9VFkD0I,[]
LGFDb26KDeI,[]
cMUAcyJfAUE,[]
xqTv9tdGA-U,[]
WlYsEAP1ePk,[]
nYdFpgJHg84,[]
6ZBsB1bQcMQ,[]
8T7H-zXGWqQ,[]
a8377fx77rQ,[]
jmwvfvzd-Zs,[]
hV6leYzc9iE,[]
vC6ZZGiTqeA,[]
QE0T_nemOUk,[]
nEL88koLf90,[]
1Ubi3P-64uQ,[]
r4dnj7nKSzE,[]
cYdlkahmOio,[]
zXbQJFY835o,[]
JHn3MCLLAI8,[]
LgDBkCxB11k,[]
wfIIUL-cABA,[]
zTvt663eV_A,[]
iHZRQD-bQD8,[]
hVDnNUUtL0I,[]
oyaQHmKCBGY,[]
91TOLjhEOfI,[]
vU9-akn4jRM,[]
f7NAIGaKSLU,[]
6m9smQqQcgo,[]
HKIXyvCGNkQ,[]
cSE1Iuk_Xjg,[]
9UPTTx-9joU,[]
J_hJZZRpG2s,[]
blgfM5zl6Io,[]
tbQHp9hA8mI,[]
O5u9LsRrcsc,[]
Cb7VhSqJrvw,[]
XTvXzEWMksg,[]
lWcVm6LxYho,[]
ODx-Ur17v7Y,[]
1Z5pd6dH9ZE,[]
_bu3TMuM7Wo,[]
PAQB2yRZubI,[]
dtQFjapxd7A,[]
SETwJVKdrMs,[]
5E5ocmXu88k,[]
i9BYdsIAN_Y,[]
UpSs57c1QvA,[]
-gsYYF6hNhE,[]
GJPsk0yil_Y,[]
7s4MAnxjZXc,[]
FUbxHNPmcH0,[]
vJiCF_HIyT4,[]
wn3F4J51_Gc,[]
zZwSz3_2_ks,[]
i6D5bE3VYXk,[]
PbllsEXbOwU,[]
0CJSWNkRWV0,[]
yGNK2WIU2sI,[]
5EKuskS0EgQ,[]
mJ8DEcgiYhw,[]
HCtMD3nhTZw,[]
ELmTT7B6AxM,[]
W6yYlAWpaC4,[]
8VZu-zIEDkA,[]
reMZ88saX0k,[]
ArCyz3EInM4,[]
K0T-iIrGh7w,[]
iogzhPfAHa8,[]
XAU-k0_db7Q,[]
9zDl_PUYDg0,[]
PwkdNHR1mDw,[]
VGNdTTpoFfs,[]
TCAA7gBHl6E,[]
ec96wWu_1k0,[]
Oo2RPkVqlfw,[]
mOE0mvHVVp4,[]
mygMzwH6HJs,[]
vj58psVUOZ4,[]
3Jq4JT1sCPM,[]
-ccFp6em7Kw,[]
jeKJqVTYrwo,[]
yBS9V3hUeEg,[]
wJYNK5z8tQM,[]
cKEbQA27YWI,[]
6gKay3RKS3Y,[]
7TFJQAiPaPQ,[]
1bX5gTpRsLA,[]
hDFIvs8MUtY,[]
IEbtx_Klwc8,[]
A6gxFm__ysY,[]
52YZeYCbJmI,[]
PTFoCh7MrDs,[]
XiWGTKYUvbk,[]
yFSUWeQhrh4,[]
OWF2X44nn5k,[]
kvwe6Wj6ObU,[]
j3tBxoUbEHU,[]
YKSRpvyIafY,[]
2Ypzh9VQ-eE,[]
mV53y2pQwgY,[]
xowhyxWKYLE,[]
1s8JCefoId0,[]
UzUJktaetPQ,[]
Cx4K0k7h6uk,[]
OuWJB33ahww,[]
h3wz-WdLB3A,[]
9_ASC7WZIKI,[]
ixQBGuPtV6k,[]
q35kEVckwhg,[]
HyJcC2UYwng,[]
Dy6NgrFmqr8,[]
MDf8hSqDe2c,[]
5KzKaBHYTJo,[]
d6oiPvlIkg8,[]
9HuiC7ocvKQ,[]
zb8LESVqWg4,[]
P-mwgvBRE-g,[]
v4T_lz0mSiY,[]
NNnTITLVa20,[]
0iLre-wiXaw,[]
i6UrBbmr7yQ,[]
bmK7mn5xrzw,[]
gw0JUT8zxkM,[]
DH1WGsT5NH8,[]
vlFquE2ycYg,[]
NX60N-Ax5a8,[]
SEfJUGQGUhE,[]
QzF1ny2xhGo,[]
2g2bugtOtBE,[]
f9HTD-jaxZI,[]
73H-ProZKJ8,[]
9UhlNGaU9Hs,[]
06ouSMeQpMY,[]
B9fmP-jxA3I,[]
IGjnuIjrkp4,[]
XAQtF4miSAs,[]
gLnf44tpXzU,[]
cgqkJBipGdI,[]
4Y47qA5nhy4,[]
m8gYVHQRJPM,[]
BuAS94cclUI,[]
6QtCqeV5UEY,[]
2Ug7SPEvLpA,[]
pO0picwq8Dw,[]
ca5adi6M9gA,[]
GkxbXTbTNqE,[]
mN6wgZbDxBc,[]
EPTzFaWAohA,[]
L2SCiDnYcuQ,[]
qDnvEU2GKEg,[]
t2hSh4dzyYA,[]
KoVBXzuUssg,[]
rQzA83J7gnw,[]
2BE4tDPqIN4,[]
TNZp0b0ebeE,[]
4kfnQBYJ5Fc,[]
hAcIHxL-D5g,[]
Jf1iUmhSIlQ,[]
5qWlSboXqpQ,[]
ESiqGVNjCZU,[]
QVShpLOTrqs,[]
eXntnWc0g2s,[]
5sbfyI-pP6Q,[]
GV4R38FVs6Q,[]
nFMobsYwTWo,[]
9cfAryhb55s,[]
muuXcLVlwGs,[]
ulQ9yFt8uXU,[]
-3cuj9ItpX4,[]
NgqxKXdpOCg,[]
RHylwLzu00k,[]
QmFkBcXd7e4,[]
MSGMQwjHlq0,[]
teCsVprV5Dk,[]
7UBVoviJ8sI,[]
VNkvVc8dD6w,[]
ZxEty1uFpPI,[]
rgvn9ui8rkg,[]
sg42vHzjSQc,[]
4HI21Ch1zOY,[]
dBi8ddb_AVY,[]
Eyj3gm20W50,[]
3bVb-8VJ5gM,[]
btSddU-A0Xk,[]
f_Gcry7oPOk,[]
eVgdnZFCZ6A,[]
T-RlKKYUN4Q,[]
BlARqPK4hH4,[]
0I6LGpblB7M,[]
Le2x6Z52BVY,[]
WuYIX4zt6JU,[]
intaKeO5fzc,[]
6oHeHFI93Xk,[]
lRxXgLdve-4,[]
gK5Q_pSlllw,[]
pz2sWC8QJSU,[]
8HbRzOzBEbA,[]
bJzI8cPduvQ,[]
cJsLJazWyl0,[]
W7HoX8rqv48,[]
nLsfbQYXMoY,[]
VAh_jUj1_50,[]
fGPOnQYkS20,[]
Ixwm1uhSn2M,[]
qiRg_jQy5V0,[]
OtHV4dDYgio,[]
vA7hZwKpcaY,[]
5HfWCP2sOus,[]
eFnl8nVAkWA,[]
iSiFLpQzGE8,[]
Qtdp-4Z2A2I,[]
qjG2B5WyJWM,[]
HSVFAoCknIw,[]
lrhrERV0lTU,[]
6z4-ALULf3I,[]
RI8IJjAKM5Y,[]
mNrD56_e3w8,[]
Z8dz054J8ps,[]
jVaug5fV_p0,[]
AxzdzHBSndI,[]
ZucpU50gQ2A,[]
-LM5YIz22jM,[]
yRaCFQwrrag,[]
ns67RDy_HFY,[]
21wbmEAJlxQ,[]
M9iNwulWpsc,[]
6vNErJtPSbw,[]
r0nHBLGNS98,[]
8evkB1M77Pk,[]
BQxtYALe3y4,[]
AwqPT6--q00,[]
qw4apX2ruNc,[]
1ob27enZ8f4,[]
bj61gdgDFyk,[]
aUgD_m0y9x0,[]
oFH_qxw4oNg,[]
zaKhtZF2JqI,[]
-sikkjKM3B4,[]
d9V8myiAroA,[]
l9tBdyAdiT4,[]
sS4eJYjgVas,[]
mN7auvj1nvw,[]
nqEvpwvsxb4,[]
KA6fakdqGM4,[]
VRVrz3x8D7A,[]
Fjwd_s5d0K4,[]
qLBywGJT3zo,[]
TT0dTvM5z5Y,[]
7g3B-TGdPv0,[]
tWTTByxptt0,[]
1Z2e1EzP02w,[]
FjsRED5Spi8,[]
-Hv92oQO2Ss,[]
kr2_WOZ3lZ4,[]
LOQl9Jckblk,[]
NancdeqPw00,[]
yEoXqtwxmaI,[]
ZEdK4BY-nPU,[]
f_f6flhycHo,[]
DFNuEVbD2gk,[]
O40VBmzOd00,[]
QxruJ1exQXw,[]
8B_Vt5WImg0,[]
IDmUZm1d7nI,[]
TYi5yTD0T9I,[]
w7vzXpFMFZc,[]
wVXEcthwiiU,[]
utT0iulmCGk,[]
HfQUUY6pyEg,[]
U8o_Uf8OIvc,[]
cp9CVy6sYzA,[]
87autx2ecdI,[]
RaSQbE0ZDTs,[]
xVysxLfZJ48,[]
0kwY7ol_PCo,[]
O2kqj8P8GGo,[]
OIPuwbMW4VQ,[]
Ghl5rvD9dVI,[]
QQeIarI3SKA,[]
eq1rjzYPgxo,[]
80FVoPP4Y04,[]
p-XVcpOb980,[]
XWTf-jPd94M,[]
_zX4V81myjE,[]
VfQmyILm0UI,[]
bYZ9SwyEjdk,[]
1aZp7quJpFQ,[]
P94CdsnRwhY,[]
u6tNBkxQY70,[]
mAoFTDC1zew,[]
Exgu_SJSWhc,[]
EbqFCIPQ1ic,[]
KOOV73oSA9o,[]
12FYVQLA9_s,[]
eTTNESiL8AY,[]
-FfJ3XFxbHI,[]
8tseZXHZ9rA,[]
dBX0tnRfKXw,[]
xX1eAyFOcYE,[]
JnVha0S5YtI,[]
OULTq9VEagU,[]
EcUMCVIm5Z8,[]
RGl2G-koXV8,[]
kqQ8o8plfQE,[]
MACZv7wE7B0,[]
l2AOIsWkrdk,[]
n2bvx1ZEU6Y,[]
0IEKpOnEjfI,[]
ECalz89RaLA,[]
qX1j5QjhA7I,[]
G5q1CQJCDc4,[]
7iD5tCCSBmY,[]
hlMdGR90lGw,[]
v8xl2sLRGKU,[]
KO2wxNj5d-c,[]
6CsJb7dh5Yw,[]
z_vAKYY_xr0,[]
G6rftabPmQ8,[]
XnqAcKNQTVA,[]
PcueiRdqBuA,[]
kiaLe9Ga8bg,[]
rtIhOCSHW-s,[]
07GopKnZTeo,[]
0AIJ9QgHWl0,[]
_eCpWVJ35RA,[]
mPq3LcADy0Y,[]
PkmuxjxfLR8,[]
mCTadOJnGzo,[]
F4YoHSFONk0,[]
h9UdZr6R7H8,[]
D4yTtca1HGo,[]
lRC_8ulDonY,[]
MkxnJCh7KOI,[]
1jj4pbqFJqQ,[]
McXWGxYEb_A,[]
eVZASgpK7io,[]
